id,username
5,Aniya_Hackett
7,Kasandra_Homenick
14,Jaclyn81
21,Rocio33
24,Maxwell.Halvorson
25,Tierra.Trantow
34,Pearl7
36,Ollie_Ledner37
41,Mckenna17
45,David.Osinski47
49,Morgan.Kassulke
53,Linnea59
54,Duane60
57,Julien_Schmidt
66,Mike.Auer39
68,Franco_Keebler64
71,Nia_Haag
74,Hulda.Macejkovic
75,Leslie67
76,Janelle.Nikolaus81
80,Darby_Herzog
81,Esther.Zulauf61
83,Bartholome.Bernhard
89,Jessyca_West
90,Esmeralda.Mraz57
91,Bethany20
101,Kenton_Kirlin
102,Andre_Purdy85
103,Harley_Lind18
104,Arely_Bogan63
105,Aniya_Hackett
106,Travon.Waters
107,Kasandra_Homenick
108,Tabitha_Schamberger11
109,Gus93
110,Presley_McClure
111,Justina.Gaylord27
112,Dereck65
113,Alexandro35
114,Jaclyn81
115,Billy52
116,Annalise.McKenzie16
117,Norbert_Carroll35
118,Odessa2
119,Hailee26
120,Delpha.Kihn
121,Rocio33
122,Kenneth64
123,Eveline95
124,Maxwell.Halvorson
125,Tierra.Trantow
126,Josianne.Friesen
127,Darwin29
128,Dario77
129,Jaime53
130,Kaley9
131,Aiyana_Hoeger
132,Irwin.Larson
133,Yvette.Gottlieb91
134,Pearl7
135,Lennie_Hartmann40
136,Ollie_Ledner37
137,Yazmin_Mills95
138,Jordyn.Jacobson2
139,Kelsi26
140,Rafael.Hickle2
141,Mckenna17
142,Maya.Farrell
143,Janet.Armstrong
144,Seth46
145,David.Osinski47
146,Malinda_Streich
147,Harrison.Beatty50
148,Granville_Kutch
149,Morgan.Kassulke
150,Gerard79
151,Mariano_Koch3
152,Zack_Kemmer93
153,Linnea59
154,Duane60
155,Meggie_Doyle
156,Peter.Stehr0
157,Julien_Schmidt
158,Aurelie71
159,Cesar93
160,Sam52
161,Jayson65
162,Ressie_Stanton46
163,Elenor88
164,Florence99
165,Adelle96
166,Mike.Auer39
167,Emilio_Bernier52
168,Franco_Keebler64
169,Karley_Bosco
170,Erick5
171,Nia_Haag
172,Kathryn80
173,Jaylan.Lakin
174,Hulda.Macejkovic
175,Leslie67
176,Janelle.Nikolaus81
177,Donald.Fritsch
178,Colten.Harris76
179,Katarina.Dibbert
180,Darby_Herzog
181,Esther.Zulauf61
182,Aracely.Johnston98
183,Bartholome.Bernhard
184,Alysa22
185,Milford_Gleichner42
186,Delfina_VonRueden68
187,Rick29
188,Clint27
189,Jessyca_West
190,Esmeralda.Mraz57
191,Bethany20
192,Frederik_Rice
193,Willie_Leuschke
194,Damon35
195,Nicole71
196,Keenan.Schamberger60
197,Tomas.Beatty93
198,Imani_Nicolas17
199,Alek_Watsica
200,Javonte83
